{"title": "Spartan Mc Legacy Cricket Bat (Pack Of 1 )", "price": "Rs.1399", "image_urls": ["https://cdn.shopclues.com/images1/thumbnails/66747/320/1/124909091-66747167-1526016632.jpg"], "discount": "53% Off", "images": [{"url": "https://cdn.shopclues.com/images1/thumbnails/66747/320/1/124909091-66747167-1526016632.jpg", "path": "full/acc6da6cc790b2b45f68235d7ad83c1ec30aabf6.jpg", "checksum": "5a10cdb7fee3d176f7e28076bbe109c6"}]}
{"title": "Shoppers Kashmir Willow Leather Cricket Bat  - Full Size", "price": "Rs.1109", "image_urls": ["https://cdn.shopclues.com/images1/thumbnails/31462/320/1/107879508-31462327-1526018205.jpg"], "discount": "15% Off", "images": [{"url": "https://cdn.shopclues.com/images1/thumbnails/31462/320/1/107879508-31462327-1526018205.jpg", "path": "full/ebed5761d9fae73e7d261ef6ee447b9cb0a5adfc.jpg", "checksum": "1325ab9617c596cd9ec734be665f6393"}]}
{"title": "GM Cricket Bat Kashmir Willow (Pack Of 1 )", "price": "Rs.1399", "image_urls": ["https://cdn.shopclues.com/images1/thumbnails/76510/320/1/132482684-76510839-1539756391.jpg"], "discount": "53% Off", "images": [{"url": "https://cdn.shopclues.com/images1/thumbnails/76510/320/1/132482684-76510839-1539756391.jpg", "path": "full/11eb458c6104657d8b714c03ea84ed4d1e8ab3a4.jpg", "checksum": "23dae52a7cf05f223dc9c5df9e99f3e1"}]}
{"title": "NB Cricket Bat Kashmir Willow", "price": "Rs.1399", "image_urls": ["https://cdn.shopclues.com/images/thumbnails/76510/320/1/132482211-76510067-1523944043.png"], "discount": "44% Off", "images": [{"url": "https://cdn.shopclues.com/images/thumbnails/76510/320/1/132482211-76510067-1523944043.png", "path": "full/b3d39622cb47e541a1d9bae0dd8f1fa0f38315ad.jpg", "checksum": "e728dcc738078d3465528e2132373ebc"}]}
{"title": "Spartan MSD 7 Limited Edition Cricket Bat Color May Vary (Pack Of 1 )", "price": "Rs.1359", "image_urls": ["https://cdn.shopclues.com/images1/thumbnails/61714/320/1/121782827-61714520-1526016483.jpg"], "discount": "55% Off", "images": [{"url": "https://cdn.shopclues.com/images1/thumbnails/61714/320/1/121782827-61714520-1526016483.jpg", "path": "full/f970b73f2e095e6a75497495cef53eba5fb93c1a.jpg", "checksum": "d8d0738dc1d7a19a9b53a46d70436617"}]}
{"title": "Kashmir Willow Cricket Bat", "price": "Rs.1498", "image_urls": ["https://cdn.shopclues.com/images1/thumbnails/94006/320/1/141824030-94006453-1539864815.jpg"], "discount": "52% Off", "images": [{"url": "https://cdn.shopclues.com/images1/thumbnails/94006/320/1/141824030-94006453-1539864815.jpg", "path": "full/bdfd26c5a3d2d179b3a1ca880624ec8b44e3f846.jpg", "checksum": "d0eae02700e95473a0f105b36904d706"}]}
{"title": "MRF Genius Grand Edition Virat Kohli Endorsed English Willow Cricket Bat", "price": "Rs.3649", "image_urls": ["https://cdn.shopclues.com/images1/thumbnails/89912/320/1/139776689-89912675-1530892249.jpg"], "discount": "80% Off", "images": [{"url": "https://cdn.shopclues.com/images1/thumbnails/89912/320/1/139776689-89912675-1530892249.jpg", "path": "full/18db549a69500bca60128788574b939d0ae79674.jpg", "checksum": "621d966b01008df54be807a20c0c4904"}]}
{"title": "OE-Zone GN-Power Poplar Willow Tennis Cricket Bat", "price": "Rs.519", "image_urls": ["https://cdn.shopclues.com/images1/thumbnails/88757/320/1/139275253-88757996-1528699124.jpg"], "discount": "73% Off", "images": [{"url": "https://cdn.shopclues.com/images1/thumbnails/88757/320/1/139275253-88757996-1528699124.jpg", "path": "full/fb33d419f73ccd7cbc04a44b72612d6ff7e6c45b.jpg", "checksum": "d4e214a8faddb7f5d783489aec95da64"}]}
{"title": "Miniature Autograph Cricket Bat 15 (Not Meant for Playing)", "price": "Rs.119", "image_urls": ["https://cdn.shopclues.com/images1/thumbnails/91056/320/1/140261364-91056358-1540379709.jpg"], "discount": "48% Off", "images": [{"url": "https://cdn.shopclues.com/images1/thumbnails/91056/320/1/140261364-91056358-1540379709.jpg", "path": "full/d6bdbe27ef76806bede82a17a39b2964b47a098d.jpg", "checksum": "7e09e8d21183f4517e6cd6a5fc56e174"}]}
{"title": "RetailWorld New Balance Sticker  Poplar/Popular Willow Cricket Bat (Full Size) (For Age Group 15 Yrs  Above)", "price": "Rs.549", "image_urls": ["https://cdn.shopclues.com/images/thumbnails/61541/320/1/121696453-61541667-1523946341.png"], "discount": "48% Off", "images": [{"url": "https://cdn.shopclues.com/images/thumbnails/61541/320/1/121696453-61541667-1523946341.png", "path": "full/33b3df4030d22b4d4391a06a88ddff605021de6a.jpg", "checksum": "14a595836b11f85659f4456abb78ad44"}]}
{"title": "OE-Zone KB -White-GH Poplar Willow Tennis Cricket Bat", "price": "Rs.519", "image_urls": ["https://cdn.shopclues.com/images1/thumbnails/88757/320/1/139274485-88757241-1528701365.jpg"], "discount": "57% Off", "images": [{"url": "https://cdn.shopclues.com/images1/thumbnails/88757/320/1/139274485-88757241-1528701365.jpg", "path": "full/8865d6251c130d9383db5f9535e4d1ceb2c0b1a8.jpg", "checksum": "25748858298f460c4944cfcc2ce197d3"}]}
{"title": "Kookaburra Kahuna Popular  Willow Cricket Bat Full Size", "price": "Rs.650", "image_urls": ["https://cdn.shopclues.com/images1/thumbnails/88021/320/1/138856600-88021184-1527673964.jpg"], "discount": "37% Off", "images": [{"url": "https://cdn.shopclues.com/images1/thumbnails/88021/320/1/138856600-88021184-1527673964.jpg", "path": "full/acde5d1b0b9bef52c801d2608230c501ad87b794.jpg", "checksum": "480b4e3acee3cf41a89ddc5cd13f53bf"}]}
{"title": "Best Ideas Original Kashmir Willow Cricket Bat for Leather Ball with 3 Rubber Singapore Can Flexible Handle  Free Cover", "price": "Rs.1009", "image_urls": ["https://cdn.shopclues.com/images/thumbnails/84421/320/1/136863641-84421746-1525154370.jpg"], "discount": "59% Off", "images": [{"url": "https://cdn.shopclues.com/images/thumbnails/84421/320/1/136863641-84421746-1525154370.jpg", "path": "full/58d7312742c3ba6d08950e7fa3d3c22a3156eb3b.jpg", "checksum": "26e8402900e95beb48f21e3f3b5c3376"}]}
{"title": "CEAT Sticker Poplar/Popular Willow Cricket Bat (For Tennis Ball) Full Size Combo (Kit of 8 Items)", "price": "Rs.829", "image_urls": ["https://cdn.shopclues.com/images/thumbnails/81193/320/1/135476920-81193094-1521515840.jpg"], "discount": "46% Off", "images": [{"url": "https://cdn.shopclues.com/images/thumbnails/81193/320/1/135476920-81193094-1521515840.jpg", "path": "full/c25d6d39b22038e20d998fb7d4de0601e34a5063.jpg", "checksum": "6ec6481a3498fcc6ba6d7c8505cd8512"}]}
{"title": "Ceela - Technique Bat (Middling Bat)", "price": "Rs.869", "image_urls": ["https://cdn.shopclues.com/images/thumbnails/16563/320/1/EwDXsKB1430221754.jpg"], "discount": "36% Off", "images": [{"url": "https://cdn.shopclues.com/images/thumbnails/16563/320/1/EwDXsKB1430221754.jpg", "path": "full/eb143b694649acd2b0d570082cec6a51d5d70e45.jpg", "checksum": "300ac9071972b3aaaa7154171f87a68c"}]}
{"title": "SA Sports Hitter Kashmir Willow Cricket Bat Size short handle", "price": "Rs.1399", "image_urls": ["https://cdn.shopclues.com/images1/thumbnails/90724/320/1/140111940-90724673-1533034889.jpg"], "discount": "48% Off", "images": [{"url": "https://cdn.shopclues.com/images1/thumbnails/90724/320/1/140111940-90724673-1533034889.jpg", "path": "full/4c3a71c548898a28db5d19659e7e5093ecf59667.jpg", "checksum": "fcd43f1d769593a4df1b4d5c5eaafdac"}]}
{"title": "OE-Zone GN - KBM Poplar Willow Tennis Cricket Bat", "price": "Rs.519", "image_urls": ["https://cdn.shopclues.com/images1/thumbnails/88757/320/1/139274915-88757657-1528701965.jpg"], "discount": "14% Off", "images": [{"url": "https://cdn.shopclues.com/images1/thumbnails/88757/320/1/139274915-88757657-1528701965.jpg", "path": "full/2a8894599ec53cb1b3f93f483e0907d002b8ebd5.jpg", "checksum": "e5b9b3db81310272c46e84c25cce2859"}]}
{"title": "OE-Zone NK Popular Willow Tennis Cricket Bat", "price": "Rs.599", "image_urls": ["https://cdn.shopclues.com/images1/thumbnails/61711/320/1/121780598-61711072-1526023102.jpg"], "discount": "66% Off", "images": [{"url": "https://cdn.shopclues.com/images1/thumbnails/61711/320/1/121780598-61711072-1526023102.jpg", "path": "full/fba2bf8f8b402d3b15cba8cd95d42c707fac32c3.jpg", "checksum": "9142f8441d115752da654679e176d1ac"}]}
{"title": "RetailWorld Poplar/Popular Willow Cricket Bat (Full Size) (For Age Group 15 Yrs  Above)", "price": "Rs.519", "image_urls": ["https://cdn.shopclues.com/images/thumbnails/81740/320/1/135760963-81740108-1522337831.jpg"], "discount": "40% Off", "images": [{"url": "https://cdn.shopclues.com/images/thumbnails/81740/320/1/135760963-81740108-1522337831.jpg", "path": "full/8c992558764a2039c6b0eea6c1e32b92c46d0e01.jpg", "checksum": "ae16079a1417b9d2d58bfc72b532d427"}]}
{"title": "Gray Nicolls Bat Kashmir Willow", "price": "Rs.1499", "image_urls": ["https://cdn.shopclues.com/images/thumbnails/90035/320/1/132486511cyoJW5C1514360923.jpg"], "discount": "65% Off", "images": [{"url": "https://cdn.shopclues.com/images/thumbnails/90035/320/1/132486511cyoJW5C1514360923.jpg", "path": "full/428e40f79e81f3e5afc74675b605a92de634c690.jpg", "checksum": "186dd6d5c0f147d103f7b73912f3c24e"}]}
{"title": "Jump original Popular Willow bat", "price": "Rs.599", "image_urls": ["https://cdn.shopclues.com/images1/thumbnails/88679/320/1/139205279-88679712-1528364543.jpg"], "discount": "40% Off", "images": [{"url": "https://cdn.shopclues.com/images1/thumbnails/88679/320/1/139205279-88679712-1528364543.jpg", "path": "full/e0ef3f8821e814d96ad6e9cd7c065fbacbce4806.jpg", "checksum": "da93a8dba71ba3415601ef831786ddb6"}]}
{"title": "Bogan-Spartan Saven nglish Willow Cricket Bat (Color May Vary)(COVER INCLUDED)", "price": "Rs.2450", "image_urls": ["https://cdn.shopclues.com/images1/thumbnails/87913/320/1/138798055-87913833-1527604365.jpg"], "discount": "47% Off", "images": [{"url": "https://cdn.shopclues.com/images1/thumbnails/87913/320/1/138798055-87913833-1527604365.jpg", "path": "full/a9a475cd9d99fb889cd0d54a502c76c1403c8161.jpg", "checksum": "58460e2efe9ca6d1372fb0828392750d"}]}
{"title": "RetailWorld MRF Sticker Poplar/Popular Willow Cricket Bat (Full Size) (For Age Group 15 Yrs  Above)", "price": "Rs.639", "image_urls": ["https://cdn.shopclues.com/images/thumbnails/74891/320/1/12169726116mrftransparentfull1498155819.jpg"], "discount": "20% Off", "images": [{"url": "https://cdn.shopclues.com/images/thumbnails/74891/320/1/12169726116mrftransparentfull1498155819.jpg", "path": "full/9a10254c4a7d6147b28ce8bf979a69082f24ceec.jpg", "checksum": "63bf9e292aa930510516d7f70b8acf7d"}]}
